Country,Year,Public Expenditure on Education,Private Expenditure on Education
OECD,2000,3.181105486,0.272863554
OECD,2005,3.300119625,0.30656849
OECD,2008,3.284454407,0.297284314
OECD,2010,3.447904151,0.303895796
OECD,2011,3.338405756,0.306142013
OECD,2012,3.339078701,0.346438629